timestamp,cpu_package_c,distanza_tjmax_c,throttling
2026-07-13T23:47:34,39.5,60.5,NO
2026-07-14T00:28:57,35.0,65.0,NO
2026-07-14T00:30:11,34.75,65.25,NO
2026-07-14T00:33:46,34.375,65.625,NO
2026-07-14T00:41:20,34.25,65.75,NO
2026-07-14T00:42:20,35.75,64.25,NO
2026-07-14T00:43:20,35.75,64.25,NO
2026-07-14T00:44:20,35.875,64.125,NO
2026-07-14T00:45:20,35.75,64.25,NO
2026-07-14T00:46:20,37.375,62.625,NO
2026-07-14T00:47:20,63.375,36.625,NO
2026-07-14T00:48:20,68.5,31.5,NO
2026-07-14T00:50:30,36.75,63.25,NO
2026-07-14T00:51:30,81.125,18.875,NO
2026-07-14T00:52:30,82.25,17.75,NO
2026-07-14T00:53:30,82.625,17.375,NO
2026-07-14T00:54:30,77.375,22.625,NO
2026-07-14T00:55:30,76.0,24.0,NO
2026-07-14T00:56:30,80.75,19.25,NO
2026-07-14T00:57:30,84.5,15.5,NO
2026-07-14T00:58:30,76.0,24.0,NO
2026-07-14T00:59:30,85.875,14.125,NO
2026-07-14T01:00:30,75.0,25.0,NO
2026-07-14T01:01:30,85.75,14.25,NO
2026-07-14T01:02:30,84.875,15.125,NO
2026-07-14T01:03:30,78.375,21.625,NO
2026-07-14T01:04:30,85.125,14.875,NO
2026-07-14T01:05:30,76.625,23.375,NO
2026-07-14T01:06:30,86.0,14.0,NO
2026-07-14T01:07:30,85.125,14.875,NO
2026-07-14T01:08:31,77.375,22.625,NO
2026-07-14T01:09:31,86.625,13.375,NO
2026-07-14T01:10:31,50.375,49.625,NO
2026-07-14T01:11:31,81.75,18.25,NO
2026-07-14T01:12:31,82.25,17.75,NO
2026-07-14T01:13:31,79.625,20.375,NO
2026-07-14T01:14:31,86.5,13.5,NO
2026-07-14T01:15:31,83.75,16.25,NO
2026-07-14T01:16:31,83.125,16.875,NO
2026-07-14T01:17:31,82.75,17.25,NO
2026-07-14T01:18:31,82.0,18.0,NO
2026-07-14T01:19:31,81.75,18.25,NO
2026-07-14T01:20:31,82.375,17.625,NO
2026-07-14T01:21:31,82.0,18.0,NO
2026-07-14T01:39:05,34.875,65.125,NO
2026-07-14T01:40:05,79.75,20.25,NO
2026-07-14T01:41:05,82.25,17.75,NO
2026-07-14T01:42:05,82.75,17.25,NO
2026-07-14T01:43:05,77.5,22.5,NO
2026-07-14T01:44:05,75.5,24.5,NO
2026-07-14T01:45:05,81.25,18.75,NO
2026-07-14T01:46:05,85.5,14.5,NO
2026-07-14T01:47:05,76.0,24.0,NO
2026-07-14T01:48:05,85.25,14.75,NO
2026-07-14T01:49:05,75.25,24.75,NO
2026-07-14T01:50:05,86.375,13.625,NO
2026-07-14T01:51:05,85.625,14.375,NO
2026-07-14T01:52:05,79.0,21.0,NO
2026-07-14T01:53:05,86.125,13.875,NO
2026-07-14T01:54:05,76.75,23.25,NO
2026-07-14T01:55:05,86.0,14.0,NO
2026-07-14T01:56:06,85.625,14.375,NO
2026-07-14T01:57:06,77.75,22.25,NO
2026-07-14T01:58:06,86.625,13.375,NO
2026-07-14T01:59:06,82.0,18.0,NO
2026-07-14T02:00:06,83.875,16.125,NO
2026-07-14T02:01:06,82.75,17.25,NO
2026-07-14T02:02:06,81.25,18.75,NO
2026-07-14T02:03:06,85.75,14.25,NO
2026-07-14T02:04:06,83.625,16.375,NO
2026-07-14T02:05:06,83.625,16.375,NO
2026-07-14T02:06:06,82.875,17.125,NO
2026-07-14T02:07:06,82.25,17.75,NO
2026-07-14T02:08:06,82.125,17.875,NO
2026-07-14T02:09:06,81.75,18.25,NO
2026-07-14T02:10:06,81.75,18.25,NO
2026-07-14T02:11:06,82.625,17.375,NO
2026-07-14T02:12:06,82.5,17.5,NO
2026-07-14T02:13:06,83.125,16.875,NO
2026-07-14T02:14:06,83.875,16.125,NO
2026-07-14T02:15:06,83.25,16.75,NO
2026-07-14T02:16:06,83.25,16.75,NO
2026-07-14T02:17:06,82.625,17.375,NO
2026-07-14T02:18:06,81.75,18.25,NO
2026-07-14T02:19:06,81.875,18.125,NO
2026-07-14T02:20:06,81.375,18.625,NO
2026-07-14T02:21:06,80.625,19.375,NO
2026-07-14T02:22:06,81.0,19.0,NO
2026-07-14T02:23:06,81.75,18.25,NO
2026-07-14T02:24:06,82.375,17.625,NO
2026-07-14T02:25:06,82.5,17.5,NO
2026-07-14T02:26:06,84.0,16.0,NO
2026-07-14T02:27:06,83.25,16.75,NO
2026-07-14T02:28:06,82.875,17.125,NO
2026-07-14T02:29:06,81.75,18.25,NO
2026-07-14T02:30:06,81.875,18.125,NO
2026-07-14T02:31:07,82.125,17.875,NO
2026-07-14T02:32:07,81.125,18.875,NO
2026-07-14T02:33:07,81.0,19.0,NO
2026-07-14T02:34:07,82.0,18.0,NO
2026-07-14T02:35:07,82.75,17.25,NO
2026-07-14T02:36:07,83.125,16.875,NO
2026-07-14T02:37:07,84.125,15.875,NO
2026-07-14T02:38:07,83.875,16.125,NO
2026-07-14T02:39:07,83.125,16.875,NO
2026-07-14T02:40:07,82.625,17.375,NO
2026-07-14T02:41:07,85.0,15.0,NO
2026-07-14T02:42:07,86.0,14.0,NO
2026-07-14T02:43:07,77.5,22.5,NO
2026-07-14T02:44:07,86.375,13.625,NO
2026-07-14T02:45:07,85.125,14.875,NO
2026-07-14T02:46:07,77.375,22.625,NO
2026-07-14T02:47:07,86.25,13.75,NO
2026-07-14T02:48:07,84.375,15.625,NO
2026-07-14T02:49:07,80.5,19.5,NO
2026-07-14T02:50:07,85.875,14.125,NO
2026-07-14T02:51:07,76.625,23.375,NO
2026-07-14T02:52:07,87.0,13.0,NO
2026-07-14T02:53:07,86.125,13.875,NO
2026-07-14T02:54:07,79.75,20.25,NO
2026-07-14T02:55:07,85.875,14.125,NO
2026-07-14T02:56:07,77.5,22.5,NO
2026-07-14T02:57:07,86.0,14.0,NO
2026-07-14T02:58:07,76.625,23.375,NO
2026-07-14T02:59:07,86.125,13.875,NO
2026-07-14T03:00:07,86.5,13.5,NO
2026-07-14T03:01:07,77.5,22.5,NO
2026-07-14T03:02:07,86.875,13.125,NO
2026-07-14T03:07:10,37.875,62.125,NO
2026-07-14T03:08:10,81.625,18.375,NO
2026-07-14T03:09:10,83.625,16.375,NO
2026-07-14T03:10:10,74.125,25.875,NO
2026-07-14T03:11:10,84.75,15.25,NO
2026-07-14T03:12:10,75.0,25.0,NO
2026-07-14T03:13:10,85.625,14.375,NO
2026-07-14T03:14:10,85.625,14.375,NO
2026-07-14T03:15:10,77.0,23.0,NO
2026-07-14T03:16:10,86.375,13.625,NO
2026-07-14T03:17:10,76.125,23.875,NO
2026-07-14T03:18:10,86.375,13.625,NO
2026-07-14T03:19:10,81.0,19.0,NO
2026-07-14T03:20:10,81.625,18.375,NO
2026-07-14T03:21:10,86.375,13.625,NO
2026-07-14T03:22:10,78.75,21.25,NO
2026-07-14T03:23:10,86.375,13.625,NO
2026-07-14T03:24:10,86.125,13.875,NO
2026-07-14T03:25:10,79.75,20.25,NO
2026-07-14T03:26:10,86.75,13.25,NO
2026-07-14T03:27:11,85.375,14.625,NO
2026-07-14T03:28:11,84.125,15.875,NO
2026-07-14T03:29:11,82.0,18.0,NO
2026-07-14T03:30:11,73.75,26.25,NO
2026-07-14T03:31:11,83.0,17.0,NO
2026-07-14T03:32:11,84.0,16.0,NO
2026-07-14T03:33:11,84.75,15.25,NO
2026-07-14T03:34:11,82.625,17.375,NO
2026-07-14T03:35:11,83.5,16.5,NO
2026-07-14T03:36:11,84.625,15.375,NO
2026-07-14T03:37:11,83.125,16.875,NO
2026-07-14T03:38:11,83.0,17.0,NO
2026-07-14T03:39:11,85.875,14.125,NO
2026-07-14T03:40:11,83.25,16.75,NO
2026-07-14T03:41:11,83.25,16.75,NO
2026-07-14T03:42:11,85.375,14.625,NO
2026-07-14T03:43:11,83.5,16.5,NO
2026-07-14T03:44:11,83.25,16.75,NO
2026-07-14T03:45:11,84.75,15.25,NO
2026-07-14T03:46:11,83.625,16.375,NO
2026-07-14T03:47:11,82.875,17.125,NO
2026-07-14T03:48:11,85.0,15.0,NO
2026-07-14T03:49:11,83.75,16.25,NO
2026-07-14T03:50:11,83.0,17.0,NO
2026-07-14T03:51:11,84.375,15.625,NO
2026-07-14T03:52:11,83.625,16.375,NO
2026-07-14T03:53:11,82.625,17.375,NO
2026-07-14T03:54:11,83.75,16.25,NO
2026-07-14T03:55:11,84.5,15.5,NO
2026-07-14T03:56:11,82.875,17.125,NO
2026-07-14T03:57:11,83.875,16.125,NO
2026-07-14T03:58:11,84.5,15.5,NO
2026-07-14T03:59:11,83.0,17.0,NO
2026-07-14T04:00:11,83.25,16.75,NO
2026-07-14T04:01:11,85.625,14.375,NO
2026-07-14T04:02:12,83.375,16.625,NO
2026-07-14T04:03:12,83.5,16.5,NO
2026-07-14T04:04:12,85.375,14.625,NO
2026-07-14T04:05:12,83.5,16.5,NO
2026-07-14T04:06:12,83.375,16.625,NO
2026-07-14T04:07:12,86.125,13.875,NO
2026-07-14T04:08:12,85.625,14.375,NO
2026-07-14T04:09:12,83.125,16.875,NO
2026-07-14T04:10:12,83.0,17.0,NO
2026-07-14T04:11:12,86.375,13.625,NO
2026-07-14T04:12:12,77.875,22.125,NO
2026-07-14T04:13:12,86.125,13.875,NO
2026-07-14T04:14:12,85.25,14.75,NO
2026-07-14T04:15:12,80.25,19.75,NO
2026-07-14T04:16:12,86.25,13.75,NO
2026-07-14T04:17:12,76.75,23.25,NO
2026-07-14T04:18:12,87.0,13.0,NO
2026-07-14T04:19:12,86.25,13.75,NO
2026-07-14T04:20:12,79.75,20.25,NO
2026-07-14T04:21:12,86.75,13.25,NO
2026-07-14T04:22:12,77.75,22.25,NO
2026-07-14T04:23:12,86.125,13.875,NO
2026-07-14T04:24:12,76.75,23.25,NO
2026-07-14T04:25:12,86.75,13.25,NO
2026-07-14T04:26:12,86.125,13.875,NO
2026-07-14T04:27:12,77.75,22.25,NO
2026-07-14T04:28:12,87.25,12.75,NO
2026-07-14T04:29:12,86.75,13.25,NO
2026-07-14T04:30:12,77.375,22.625,NO
2026-07-14T04:31:12,83.25,16.75,NO
2026-07-14T04:32:12,83.875,16.125,NO
2026-07-14T04:33:12,84.5,15.5,NO
2026-07-14T04:34:12,83.0,17.0,NO
2026-07-14T04:35:12,89.0,11.0,NO
2026-07-14T04:36:12,84.0,16.0,NO
2026-07-14T04:37:13,83.5,16.5,NO
2026-07-14T04:38:13,84.625,15.375,NO
2026-07-14T04:39:13,85.125,14.875,NO
2026-07-14T04:40:13,85.75,14.25,NO
2026-07-14T04:41:13,84.5,15.5,NO
2026-07-14T04:42:13,83.75,16.25,NO
2026-07-14T04:43:13,84.0,16.0,NO
2026-07-14T04:44:13,83.375,16.625,NO
2026-07-14T04:45:13,82.75,17.25,NO
2026-07-14T04:46:13,82.5,17.5,NO
2026-07-14T04:47:13,82.875,17.125,NO
2026-07-14T04:48:13,83.375,16.625,NO
2026-07-14T04:49:13,83.375,16.625,NO
2026-07-14T04:50:13,84.0,16.0,NO
2026-07-14T04:51:13,84.75,15.25,NO
2026-07-14T04:52:13,84.875,15.125,NO
2026-07-14T04:53:13,85.25,14.75,NO
2026-07-14T04:54:13,85.0,15.0,NO
2026-07-14T04:55:13,84.75,15.25,NO
2026-07-14T04:56:13,84.0,16.0,NO
2026-07-14T04:57:13,84.0,16.0,NO
2026-07-14T04:58:13,83.75,16.25,NO
2026-07-14T04:59:13,82.625,17.375,NO
2026-07-14T05:00:13,83.0,17.0,NO
2026-07-14T05:01:13,83.375,16.625,NO
2026-07-14T05:02:13,83.625,16.375,NO
2026-07-14T05:03:13,83.375,16.625,NO
2026-07-14T05:04:13,84.375,15.625,NO
2026-07-14T05:05:13,84.75,15.25,NO
2026-07-14T05:06:13,84.625,15.375,NO
2026-07-14T05:07:13,85.75,14.25,NO
2026-07-14T05:08:13,84.875,15.125,NO
2026-07-14T05:09:13,84.375,15.625,NO
2026-07-14T05:10:13,84.0,16.0,NO
2026-07-14T05:11:13,83.625,16.375,NO
2026-07-14T05:12:14,83.0,17.0,NO
2026-07-14T05:13:14,82.375,17.625,NO
2026-07-14T05:14:14,83.375,16.625,NO
2026-07-14T05:15:14,83.125,16.875,NO
2026-07-14T05:16:14,83.25,16.75,NO
2026-07-14T05:17:14,86.875,13.125,NO
2026-07-14T05:18:14,86.625,13.375,NO
2026-07-14T05:19:14,82.5,17.5,NO
2026-07-14T05:20:14,82.25,17.75,NO
2026-07-14T05:21:14,85.5,14.5,NO
2026-07-14T05:22:14,80.25,19.75,NO
2026-07-14T05:23:14,86.75,13.25,NO
2026-07-14T05:24:14,76.375,23.625,NO
2026-07-14T05:25:14,84.75,15.25,NO
2026-07-14T05:26:14,87.5,12.5,NO
2026-07-14T05:27:14,86.0,14.0,NO
2026-07-14T05:28:14,80.75,19.25,NO
2026-07-14T05:29:14,87.125,12.875,NO
2026-07-14T05:30:14,77.75,22.25,NO
2026-07-14T05:31:14,84.375,15.625,NO
2026-07-14T05:32:14,86.375,13.625,NO
2026-07-14T05:33:14,80.0,20.0,NO
2026-07-14T05:34:14,87.5,12.5,NO
2026-07-14T05:35:14,86.125,13.875,NO
2026-07-14T05:36:14,81.0,19.0,NO
2026-07-14T05:37:14,87.125,12.875,NO
2026-07-14T05:38:14,78.625,21.375,NO
2026-07-14T05:39:14,80.25,19.75,NO
2026-07-14T05:40:14,84.75,15.25,NO
2026-07-14T05:41:14,82.375,17.625,NO
2026-07-14T05:42:14,82.125,17.875,NO
2026-07-14T05:43:14,81.875,18.125,NO
2026-07-14T05:44:14,89.125,10.875,NO
2026-07-14T05:45:15,83.25,16.75,NO
2026-07-14T05:46:15,82.625,17.375,NO
2026-07-14T05:47:15,82.375,17.625,NO
2026-07-14T05:48:15,82.875,17.125,NO
2026-07-14T05:49:15,82.625,17.375,NO
2026-07-14T05:50:15,82.875,17.125,NO
2026-07-14T05:51:15,83.25,16.75,NO
2026-07-14T05:52:15,82.5,17.5,NO
2026-07-14T05:53:15,83.0,17.0,NO
2026-07-14T05:54:15,83.0,17.0,NO
2026-07-14T05:55:15,83.125,16.875,NO
2026-07-14T05:56:15,83.125,16.875,NO
2026-07-14T05:57:15,83.5,16.5,NO
2026-07-14T05:58:15,83.875,16.125,NO
2026-07-14T05:59:15,83.375,16.625,NO
2026-07-14T06:00:15,83.5,16.5,NO
2026-07-14T06:01:15,83.375,16.625,NO
2026-07-14T06:02:15,83.875,16.125,NO
2026-07-14T06:03:15,83.75,16.25,NO
2026-07-14T06:04:15,83.75,16.25,NO
2026-07-14T06:05:15,83.875,16.125,NO
2026-07-14T06:06:15,83.75,16.25,NO
2026-07-14T06:07:15,84.25,15.75,NO
2026-07-14T06:08:15,84.375,15.625,NO
2026-07-14T06:09:15,84.375,15.625,NO
2026-07-14T06:10:15,84.0,16.0,NO
2026-07-14T06:11:15,84.625,15.375,NO
2026-07-14T06:12:15,84.75,15.25,NO
2026-07-14T06:13:15,85.25,14.75,NO
2026-07-14T06:14:15,85.875,14.125,NO
2026-07-14T06:15:15,86.0,14.0,NO
2026-07-14T06:16:15,85.75,14.25,NO
2026-07-14T06:17:15,85.0,15.0,NO
2026-07-14T06:18:15,84.75,15.25,NO
2026-07-14T06:19:15,84.875,15.125,NO
2026-07-14T06:20:16,84.75,15.25,NO
2026-07-14T06:21:16,84.625,15.375,NO
2026-07-14T06:22:16,84.75,15.25,NO
2026-07-14T06:23:16,84.75,15.25,NO
2026-07-14T06:24:16,84.625,15.375,NO
2026-07-14T06:25:16,74.625,25.375,NO
2026-07-14T06:26:16,85.25,14.75,NO
2026-07-14T06:27:16,82.125,17.875,NO
2026-07-14T06:28:16,86.5,13.5,NO
2026-07-14T06:29:16,76.75,23.25,NO
2026-07-14T06:30:16,87.375,12.625,NO
2026-07-14T06:31:16,87.375,12.625,NO
2026-07-14T06:32:16,79.125,20.875,NO
2026-07-14T06:33:16,87.25,12.75,NO
2026-07-14T06:34:16,77.5,22.5,NO
2026-07-14T06:35:16,87.0,13.0,NO
2026-07-14T06:36:16,86.75,13.25,NO
2026-07-14T06:37:16,78.375,21.625,NO
2026-07-14T06:38:16,87.375,12.625,NO
2026-07-14T06:39:16,77.875,22.125,NO
2026-07-14T06:40:16,84.125,15.875,NO
2026-07-14T06:41:16,86.875,13.125,NO
2026-07-14T06:42:16,79.875,20.125,NO
2026-07-14T06:43:16,87.125,12.875,NO
2026-07-14T06:44:16,77.25,22.75,NO
2026-07-14T06:45:16,86.625,13.375,NO
2026-07-14T06:46:16,80.0,20.0,NO
2026-07-14T06:47:16,82.625,17.375,NO
2026-07-14T06:48:16,87.5,12.5,NO
2026-07-14T06:49:16,77.0,23.0,NO
2026-07-14T06:50:16,78.75,21.25,NO
2026-07-14T06:51:16,82.875,17.125,NO
2026-07-14T06:52:16,80.875,19.125,NO
2026-07-14T06:53:17,84.25,15.75,NO
2026-07-14T06:54:17,83.125,16.875,NO
2026-07-14T06:55:17,84.5,15.5,NO
2026-07-14T06:56:17,83.625,16.375,NO
2026-07-14T06:57:17,85.0,15.0,NO
2026-07-14T06:58:17,85.75,14.25,NO
2026-07-14T06:59:17,84.625,15.375,NO
2026-07-14T07:00:17,84.0,16.0,NO
2026-07-14T07:01:17,83.25,16.75,NO
2026-07-14T07:02:17,83.25,16.75,NO
2026-07-14T07:03:17,84.125,15.875,NO
2026-07-14T07:04:17,84.25,15.75,NO
2026-07-14T07:05:17,84.875,15.125,NO
2026-07-14T07:06:17,84.625,15.375,NO
2026-07-14T07:07:17,84.0,16.0,NO
2026-07-14T07:08:17,83.5,16.5,NO
2026-07-14T07:09:17,83.5,16.5,NO
2026-07-14T07:10:17,83.875,16.125,NO
2026-07-14T07:11:17,84.875,15.125,NO
2026-07-14T07:12:17,85.5,14.5,NO
2026-07-14T07:13:17,85.0,15.0,NO
2026-07-14T07:14:17,83.875,16.125,NO
2026-07-14T07:15:17,83.5,16.5,NO
2026-07-14T07:16:17,83.75,16.25,NO
2026-07-14T07:17:17,84.125,15.875,NO
2026-07-14T07:18:17,84.875,15.125,NO
2026-07-14T07:19:17,86.125,13.875,NO
2026-07-14T07:20:17,84.375,15.625,NO
2026-07-14T07:21:17,84.25,15.75,NO
2026-07-14T07:22:17,82.625,17.375,NO
2026-07-14T07:23:17,83.625,16.375,NO
2026-07-14T07:24:17,84.125,15.875,NO
2026-07-14T07:25:17,85.0,15.0,NO
2026-07-14T07:26:17,85.875,14.125,NO
2026-07-14T07:27:17,84.0,16.0,NO
2026-07-14T07:28:18,84.125,15.875,NO
2026-07-14T07:29:18,82.75,17.25,NO
2026-07-14T07:30:18,83.875,16.125,NO
2026-07-14T07:31:18,84.125,15.875,NO
2026-07-14T07:32:18,84.75,15.25,NO
2026-07-14T07:33:18,85.5,14.5,NO
2026-07-14T07:34:18,84.5,15.5,NO
2026-07-14T07:35:18,83.75,16.25,NO
2026-07-14T07:36:18,89.0,11.0,NO
2026-07-14T07:37:18,86.875,13.125,NO
2026-07-14T07:38:18,87.625,12.375,NO
2026-07-14T07:39:18,78.375,21.625,NO
2026-07-14T07:40:18,87.625,12.375,NO
2026-07-14T07:41:18,86.5,13.5,NO
2026-07-14T07:42:18,79.25,20.75,NO
2026-07-14T07:43:18,87.25,12.75,NO
2026-07-14T07:44:18,78.75,21.25,NO
2026-07-14T07:45:18,86.875,13.125,NO
2026-07-14T07:46:18,83.75,16.25,NO
2026-07-14T07:47:18,82.125,17.875,NO
2026-07-14T07:48:18,86.75,13.25,NO
2026-07-14T07:49:18,77.125,22.875,NO
2026-07-14T07:50:18,87.75,12.25,NO
2026-07-14T07:51:18,76.125,23.875,NO
2026-07-14T07:52:18,87.375,12.625,NO
2026-07-14T07:53:18,80.0,20.0,NO
2026-07-14T07:54:18,82.625,17.375,NO
2026-07-14T07:55:18,87.125,12.875,NO
2026-07-14T07:56:18,78.75,21.25,NO
2026-07-14T07:57:18,88.0,12.0,NO
2026-07-14T07:58:18,76.125,23.875,NO
2026-07-14T07:59:18,87.0,13.0,NO
2026-07-14T08:00:18,87.0,13.0,NO
2026-07-14T08:01:19,81.375,18.625,NO
2026-07-14T08:02:19,83.875,16.125,NO
2026-07-14T08:03:19,80.625,19.375,NO
2026-07-14T08:04:19,83.75,16.25,NO
2026-07-14T08:05:19,87.5,12.5,NO
2026-07-14T08:06:19,83.625,16.375,NO
2026-07-14T08:07:19,84.0,16.0,NO
2026-07-14T08:08:19,86.5,13.5,NO
2026-07-14T08:09:19,83.75,16.25,NO
2026-07-14T08:10:19,84.0,16.0,NO
2026-07-14T08:11:19,85.625,14.375,NO
2026-07-14T08:12:19,84.5,15.5,NO
2026-07-14T08:13:19,83.125,16.875,NO
2026-07-14T08:14:19,84.5,15.5,NO
2026-07-14T08:15:19,85.5,14.5,NO
2026-07-14T08:16:19,83.375,16.625,NO
2026-07-14T08:17:19,84.375,15.625,NO
2026-07-14T08:18:19,86.25,13.75,NO
2026-07-14T08:19:19,83.75,16.25,NO
2026-07-14T08:20:19,83.875,16.125,NO
2026-07-14T08:21:19,85.0,15.0,NO
2026-07-14T08:22:19,85.125,14.875,NO
2026-07-14T08:23:19,83.625,16.375,NO
2026-07-14T08:24:19,84.375,15.625,NO
2026-07-14T08:25:19,86.125,13.875,NO
2026-07-14T08:26:19,83.875,16.125,NO
2026-07-14T08:27:19,84.25,15.75,NO
2026-07-14T08:28:19,85.5,14.5,NO
2026-07-14T08:29:19,84.625,15.375,NO
2026-07-14T08:30:19,83.625,16.375,NO
2026-07-14T08:31:19,84.375,15.625,NO
2026-07-14T08:32:19,85.125,14.875,NO
2026-07-14T08:33:19,83.75,16.25,NO
2026-07-14T08:34:19,84.625,15.375,NO
2026-07-14T08:35:20,85.375,14.625,NO
2026-07-14T08:36:20,84.5,15.5,NO
2026-07-14T08:37:20,83.375,16.625,NO
2026-07-14T08:38:20,85.125,14.875,NO
2026-07-14T08:39:20,85.25,14.75,NO
2026-07-14T08:40:20,83.0,17.0,NO
2026-07-14T08:41:20,83.875,16.125,NO
2026-07-14T08:42:20,86.625,13.375,NO
2026-07-14T08:43:20,84.5,15.5,NO
2026-07-14T08:44:20,85.125,14.875,NO
2026-07-14T08:45:20,87.25,12.75,NO
2026-07-14T08:46:20,79.875,20.125,NO
2026-07-14T08:47:20,87.875,12.125,NO
2026-07-14T08:48:20,77.5,22.5,NO
2026-07-14T08:49:20,88.0,12.0,NO
2026-07-14T08:50:20,88.0,12.0,NO
2026-07-14T08:51:20,79.0,21.0,NO
2026-07-14T08:52:20,87.75,12.25,NO
2026-07-14T08:53:20,77.75,22.25,NO
2026-07-14T08:54:20,87.75,12.25,NO
2026-07-14T08:55:20,85.875,14.125,NO
2026-07-14T08:56:20,81.875,18.125,NO
2026-07-14T08:57:20,87.75,12.25,NO
2026-07-14T08:58:20,78.125,21.875,NO
2026-07-14T08:59:20,88.25,11.75,NO
2026-07-14T09:00:20,76.5,23.5,NO
2026-07-14T09:01:20,88.375,11.625,NO
2026-07-14T09:02:20,88.5,11.5,NO
2026-07-14T09:03:20,79.25,20.75,NO
2026-07-14T09:04:20,88.125,11.875,NO
2026-07-14T09:05:20,77.375,22.625,NO
2026-07-14T09:06:20,87.875,12.125,NO
2026-07-14T09:07:20,88.875,11.125,NO
2026-07-14T09:08:21,76.25,23.75,NO
2026-07-14T09:09:21,82.875,17.125,NO
2026-07-14T09:10:21,85.5,14.5,NO
2026-07-14T09:11:21,81.125,18.875,NO
2026-07-14T09:12:21,89.0,11.0,NO
2026-07-14T09:13:21,84.5,15.5,NO
2026-07-14T09:14:21,83.625,16.375,NO
2026-07-14T09:15:21,84.375,15.625,NO
2026-07-14T09:16:21,84.625,15.375,NO
2026-07-14T09:17:21,85.0,15.0,NO
2026-07-14T09:18:21,86.25,13.75,NO
2026-07-14T09:19:21,85.25,14.75,NO
2026-07-14T09:20:21,84.625,15.375,NO
2026-07-14T09:21:21,84.0,16.0,NO
2026-07-14T09:22:21,83.625,16.375,NO
2026-07-14T09:23:21,84.25,15.75,NO
2026-07-14T09:24:21,84.125,15.875,NO
2026-07-14T09:25:21,85.625,14.375,NO
2026-07-14T09:26:21,86.75,13.25,NO
2026-07-14T09:27:21,85.625,14.375,NO
2026-07-14T09:28:21,84.25,15.75,NO
2026-07-14T09:29:21,84.0,16.0,NO
2026-07-14T09:30:21,84.0,16.0,NO
2026-07-14T09:31:21,84.25,15.75,NO
2026-07-14T09:32:21,84.375,15.625,NO
2026-07-14T09:33:21,85.875,14.125,NO
2026-07-14T09:34:21,86.625,13.375,NO
2026-07-14T09:35:21,85.125,14.875,NO
2026-07-14T09:36:21,84.25,15.75,NO
2026-07-14T09:37:21,83.25,16.75,NO
2026-07-14T09:38:21,84.375,15.625,NO
2026-07-14T09:39:21,84.375,15.625,NO
2026-07-14T09:40:21,85.125,14.875,NO
2026-07-14T09:41:21,85.125,14.875,NO
2026-07-14T09:42:21,86.125,13.875,NO
2026-07-14T09:43:22,85.0,15.0,NO
2026-07-14T09:44:22,84.5,15.5,NO
2026-07-14T09:45:22,83.375,16.625,NO
2026-07-14T09:46:22,83.875,16.125,NO
2026-07-14T09:47:22,84.75,15.25,NO
2026-07-14T09:48:22,84.875,15.125,NO
2026-07-14T09:49:22,85.625,14.375,NO
2026-07-14T09:50:22,86.25,13.75,NO
2026-07-14T09:51:22,85.0,15.0,NO
2026-07-14T09:52:22,83.875,16.125,NO
2026-07-14T09:53:22,83.625,16.375,NO
2026-07-14T09:54:22,83.625,16.375,NO
2026-07-14T09:55:22,86.75,13.25,NO
2026-07-14T09:56:22,86.5,13.5,NO
2026-07-14T09:57:22,77.875,22.125,NO
2026-07-14T09:58:22,87.75,12.25,NO
2026-07-14T09:59:22,76.5,23.5,NO
2026-07-14T10:00:22,84.25,15.75,NO
2026-07-14T10:01:22,87.625,12.375,NO
2026-07-14T10:02:22,77.625,22.375,NO
2026-07-14T10:03:22,87.125,12.875,NO
2026-07-14T10:04:22,77.125,22.875,NO
2026-07-14T10:05:22,87.875,12.125,NO
2026-07-14T10:06:22,76.875,23.125,NO
2026-07-14T10:07:22,87.75,12.25,NO
2026-07-14T10:08:22,76.25,23.75,NO
2026-07-14T10:09:22,87.125,12.875,NO
2026-07-14T10:10:22,85.625,14.375,NO
2026-07-14T10:11:22,81.125,18.875,NO
2026-07-14T10:12:22,87.125,12.875,NO
2026-07-14T10:13:22,77.25,22.75,NO
2026-07-14T10:14:22,88.25,11.75,NO
2026-07-14T10:15:22,87.625,12.375,NO
2026-07-14T10:16:23,79.125,20.875,NO
2026-07-14T10:17:23,88.125,11.875,NO
2026-07-14T10:18:23,77.5,22.5,NO
2026-07-14T10:19:23,82.125,17.875,NO
2026-07-14T10:20:23,81.0,19.0,NO
2026-07-14T10:21:23,84.875,15.125,NO
2026-07-14T10:22:23,84.75,15.25,NO
2026-07-14T10:23:23,89.75,10.25,NO
2026-07-14T10:24:23,85.5,14.5,NO
2026-07-14T10:25:23,84.75,15.25,NO
2026-07-14T10:26:23,84.5,15.5,NO
2026-07-14T10:27:23,84.5,15.5,NO
2026-07-14T10:28:23,84.375,15.625,NO
2026-07-14T10:29:23,84.5,15.5,NO
2026-07-14T10:30:23,83.875,16.125,NO
2026-07-14T10:31:23,84.0,16.0,NO
2026-07-14T10:32:23,83.375,16.625,NO
2026-07-14T10:33:23,83.125,16.875,NO
2026-07-14T10:34:23,84.125,15.875,NO
2026-07-14T10:35:23,83.625,16.375,NO
2026-07-14T10:36:23,84.125,15.875,NO
2026-07-14T10:37:23,84.75,15.25,NO
2026-07-14T10:38:23,85.875,14.125,NO
2026-07-14T10:39:23,85.75,14.25,NO
2026-07-14T10:40:23,85.25,14.75,NO
2026-07-14T10:41:23,84.875,15.125,NO
2026-07-14T10:42:23,83.375,16.625,NO
2026-07-14T10:43:23,83.75,16.25,NO
2026-07-14T10:44:23,83.5,16.5,NO
2026-07-14T10:45:23,83.5,16.5,NO
2026-07-14T10:46:23,83.125,16.875,NO
2026-07-14T10:47:23,83.25,16.75,NO
2026-07-14T10:48:23,85.0,15.0,NO
2026-07-14T10:49:23,84.75,15.25,NO
2026-07-14T10:50:23,86.375,13.625,NO
2026-07-14T10:51:23,85.875,14.125,NO
2026-07-14T10:52:24,85.375,14.625,NO
2026-07-14T10:53:24,83.875,16.125,NO
2026-07-14T10:54:24,84.25,15.75,NO
2026-07-14T10:55:24,83.625,16.375,NO
2026-07-14T10:56:24,83.75,16.25,NO
2026-07-14T10:57:24,83.25,16.75,NO
2026-07-14T10:58:24,83.75,16.25,NO
2026-07-14T10:59:24,83.875,16.125,NO
2026-07-14T11:00:24,85.0,15.0,NO
2026-07-14T11:01:24,84.125,15.875,NO
2026-07-14T11:02:24,84.625,15.375,NO
2026-07-14T11:04:34,41.125,58.875,NO
2026-07-14T11:05:34,83.625,16.375,NO
2026-07-14T11:06:34,85.375,14.625,NO
2026-07-14T11:07:34,87.0,13.0,NO
2026-07-14T11:08:34,77.875,22.125,NO
2026-07-14T11:09:34,87.375,12.625,NO
2026-07-14T11:10:34,77.75,22.25,NO
2026-07-14T11:11:34,84.25,15.75,NO
2026-07-14T11:12:34,86.75,13.25,NO
2026-07-14T11:13:34,77.0,23.0,NO
2026-07-14T11:14:34,87.625,12.375,NO
2026-07-14T11:15:34,86.875,13.125,NO
2026-07-14T11:16:34,78.375,21.625,NO
2026-07-14T11:17:34,87.625,12.375,NO
2026-07-14T11:18:34,76.375,23.625,NO
2026-07-14T11:19:34,86.375,13.625,NO
2026-07-14T11:20:34,87.5,12.5,NO
2026-07-14T11:21:34,76.875,23.125,NO
2026-07-14T11:22:34,87.625,12.375,NO
2026-07-14T11:23:34,87.875,12.125,NO
2026-07-14T11:24:34,82.875,17.125,NO
2026-07-14T11:25:34,84.875,15.125,NO
2026-07-14T11:26:34,85.0,15.0,NO
2026-07-14T11:27:34,88.375,11.625,NO
2026-07-14T11:28:34,83.875,16.125,NO
2026-07-14T11:29:34,84.0,16.0,NO
2026-07-14T11:30:34,84.75,15.25,NO
2026-07-14T11:31:34,84.5,15.5,NO
2026-07-14T11:32:34,84.0,16.0,NO
2026-07-14T11:33:34,85.125,14.875,NO
2026-07-14T11:34:34,85.0,15.0,NO
2026-07-14T11:35:34,85.875,14.125,NO
2026-07-14T11:36:35,85.875,14.125,NO
2026-07-14T11:37:35,87.25,12.75,NO
2026-07-14T11:38:35,85.375,14.625,NO
2026-07-14T11:39:35,85.125,14.875,NO
2026-07-14T11:40:35,84.25,15.75,NO
2026-07-14T11:41:35,84.125,15.875,NO
2026-07-14T11:42:35,84.5,15.5,NO
2026-07-14T11:43:35,83.875,16.125,NO
2026-07-14T11:44:35,84.25,15.75,NO
2026-07-14T11:45:35,84.0,16.0,NO
2026-07-14T11:46:35,83.875,16.125,NO
2026-07-14T11:47:35,83.75,16.25,NO
2026-07-14T11:48:35,84.5,15.5,NO
2026-07-14T11:49:35,84.625,15.375,NO
2026-07-14T11:50:35,84.125,15.875,NO
2026-07-14T11:51:35,84.5,15.5,NO
2026-07-14T11:52:35,85.0,15.0,NO
2026-07-14T11:53:35,85.25,14.75,NO
2026-07-14T11:54:35,85.875,14.125,NO
2026-07-14T11:55:35,85.875,14.125,NO
2026-07-14T11:56:35,86.5,13.5,NO
2026-07-14T11:57:35,86.75,13.25,NO
2026-07-14T11:58:35,85.625,14.375,NO
2026-07-14T11:59:35,85.25,14.75,NO
2026-07-14T12:00:35,84.5,15.5,NO
2026-07-14T12:01:35,84.5,15.5,NO
2026-07-14T12:02:35,84.75,15.25,NO
2026-07-14T12:03:35,84.5,15.5,NO
2026-07-14T12:04:35,84.25,15.75,NO
2026-07-14T12:05:35,88.5,11.5,NO
2026-07-14T12:06:35,87.0,13.0,NO
2026-07-14T12:07:35,77.375,22.625,NO
2026-07-14T12:08:35,88.375,11.625,NO
2026-07-14T12:09:35,76.875,23.125,NO
2026-07-14T12:10:35,88.125,11.875,NO
2026-07-14T12:11:36,87.875,12.125,NO
2026-07-14T12:12:36,80.375,19.625,NO
2026-07-14T12:13:36,88.375,11.625,NO
2026-07-14T12:14:36,77.375,22.625,NO
2026-07-14T12:15:36,85.875,14.125,NO
2026-07-14T12:16:36,88.375,11.625,NO
2026-07-14T12:17:36,78.375,21.625,NO
2026-07-14T12:18:36,87.625,12.375,NO
2026-07-14T12:19:36,77.5,22.5,NO
2026-07-14T12:20:36,88.25,11.75,NO
2026-07-14T12:21:36,87.75,12.25,NO
2026-07-14T12:22:36,78.375,21.625,NO
2026-07-14T12:23:36,87.625,12.375,NO
2026-07-14T12:24:36,76.875,23.125,NO
2026-07-14T12:25:36,87.625,12.375,NO
2026-07-14T12:26:36,78.25,21.75,NO
2026-07-14T12:27:36,82.75,17.25,NO
2026-07-14T12:28:36,85.5,14.5,NO
2026-07-14T12:29:36,85.5,14.5,NO
2026-07-14T12:30:36,89.875,10.125,NO
2026-07-14T12:31:36,85.375,14.625,NO
2026-07-14T12:32:36,84.875,15.125,NO
2026-07-14T12:33:36,84.25,15.75,NO
2026-07-14T12:34:36,84.625,15.375,NO
2026-07-14T12:35:36,85.875,14.125,NO
2026-07-14T12:36:36,86.5,13.5,NO
2026-07-14T12:37:36,86.625,13.375,NO
2026-07-14T12:38:36,85.375,14.625,NO
2026-07-14T12:39:36,84.5,15.5,NO
2026-07-14T12:40:36,84.25,15.75,NO
2026-07-14T12:41:36,84.625,15.375,NO
2026-07-14T12:42:36,85.25,14.75,NO
2026-07-14T12:43:36,86.625,13.375,NO
2026-07-14T12:44:36,86.625,13.375,NO
2026-07-14T12:45:37,85.5,14.5,NO
2026-07-14T12:46:37,84.875,15.125,NO
2026-07-14T12:47:37,84.5,15.5,NO
2026-07-14T12:48:37,84.375,15.625,NO
2026-07-14T12:49:37,85.0,15.0,NO
2026-07-14T12:50:37,86.5,13.5,NO
2026-07-14T12:51:37,87.75,12.25,NO
2026-07-14T12:52:37,86.0,14.0,NO
2026-07-14T12:53:37,85.125,14.875,NO
2026-07-14T12:54:37,84.0,16.0,NO
2026-07-14T12:55:37,84.0,16.0,NO
2026-07-14T12:56:37,84.625,15.375,NO
2026-07-14T12:57:37,86.125,13.875,NO
2026-07-14T12:58:37,86.625,13.375,NO
2026-07-14T12:59:37,86.25,13.75,NO
2026-07-14T13:00:37,85.25,14.75,NO
2026-07-14T13:01:37,84.75,15.25,NO
2026-07-14T13:02:37,84.625,15.375,NO
2026-07-14T13:03:37,85.375,14.625,NO
2026-07-14T13:04:37,85.5,14.5,NO
2026-07-14T13:05:37,86.125,13.875,NO
2026-07-14T13:06:37,87.75,12.25,NO
2026-07-14T13:07:37,85.25,14.75,NO
2026-07-14T13:08:37,85.125,14.875,NO
2026-07-14T13:09:37,89.375,10.625,NO
2026-07-14T13:10:37,87.625,12.375,NO
2026-07-14T13:11:37,88.375,11.625,NO
2026-07-14T13:12:37,78.5,21.5,NO
2026-07-14T13:13:37,88.75,11.25,NO
2026-07-14T13:14:37,77.625,22.375,NO
2026-07-14T13:15:37,87.375,12.625,NO
2026-07-14T13:16:37,78.625,21.375,NO
2026-07-14T13:17:37,83.75,16.25,NO
2026-07-14T13:18:37,87.125,12.875,NO
2026-07-14T13:19:37,79.625,20.375,NO
2026-07-14T13:20:38,87.875,12.125,NO
2026-07-14T13:21:38,78.0,22.0,NO
2026-07-14T13:22:38,88.125,11.875,NO
2026-07-14T13:23:38,77.625,22.375,NO
2026-07-14T13:24:38,87.625,12.375,NO
2026-07-14T13:25:38,88.25,11.75,NO
2026-07-14T13:26:38,80.0,20.0,NO
2026-07-14T13:27:38,88.0,12.0,NO
2026-07-14T13:28:38,77.125,22.875,NO
2026-07-14T13:29:38,80.5,19.5,NO
2026-07-14T13:30:38,82.875,17.125,NO
2026-07-14T13:31:38,83.625,16.375,NO
2026-07-14T13:32:38,83.125,16.875,NO
2026-07-14T13:33:38,88.75,11.25,NO
2026-07-14T13:34:38,85.125,14.875,NO
2026-07-14T13:35:38,86.625,13.375,NO
2026-07-14T13:36:38,84.125,15.875,NO
2026-07-14T13:37:38,84.5,15.5,NO
2026-07-14T13:38:38,86.25,13.75,NO
2026-07-14T13:39:38,83.875,16.125,NO
2026-07-14T13:40:38,85.125,14.875,NO
2026-07-14T13:41:38,85.25,14.75,NO
2026-07-14T13:42:38,83.75,16.25,NO
2026-07-14T13:43:38,85.5,14.5,NO
2026-07-14T13:44:38,85.125,14.875,NO
2026-07-14T13:45:38,83.625,16.375,NO
2026-07-14T13:46:38,86.0,14.0,NO
2026-07-14T13:47:38,85.0,15.0,NO
2026-07-14T13:48:38,84.25,15.75,NO
2026-07-14T13:49:38,87.0,13.0,NO
2026-07-14T13:50:38,84.25,15.75,NO
2026-07-14T13:51:38,83.875,16.125,NO
2026-07-14T13:52:38,85.75,14.25,NO
2026-07-14T13:53:38,83.5,16.5,NO
2026-07-14T13:54:38,85.25,14.75,NO
2026-07-14T13:55:39,84.625,15.375,NO
2026-07-14T13:56:39,84.0,16.0,NO
2026-07-14T13:57:39,86.0,14.0,NO
2026-07-14T13:58:39,84.375,15.625,NO
2026-07-14T13:59:39,84.0,16.0,NO
2026-07-14T14:00:39,86.625,13.375,NO
2026-07-14T14:01:39,84.375,15.625,NO
2026-07-14T14:02:39,84.0,16.0,NO
2026-07-14T14:03:39,86.0,14.0,NO
2026-07-14T14:04:39,82.875,17.125,NO
2026-07-14T14:05:39,84.25,15.75,NO
2026-07-14T14:06:39,84.875,15.125,NO
2026-07-14T14:07:39,82.875,17.125,NO
2026-07-14T14:08:39,78.625,21.375,NO
2026-07-14T14:09:39,85.0,15.0,NO
2026-07-14T14:10:39,79.0,21.0,NO
2026-07-14T14:11:39,84.5,15.5,NO
2026-07-14T14:12:39,79.625,20.375,NO
2026-07-14T14:13:39,86.375,13.625,NO
2026-07-14T14:14:39,74.75,25.25,NO
2026-07-14T14:15:39,83.0,17.0,NO
2026-07-14T14:16:39,75.0,25.0,NO
2026-07-14T14:17:39,85.625,14.375,NO
2026-07-14T14:18:39,85.75,14.25,NO
2026-07-14T14:19:39,77.75,22.25,NO
2026-07-14T14:20:39,86.5,13.5,NO
2026-07-14T14:21:39,86.0,14.0,NO
2026-07-14T14:22:39,79.75,20.25,NO
2026-07-14T14:23:39,85.75,14.25,NO
2026-07-14T14:24:39,76.125,23.875,NO
2026-07-14T14:25:39,78.125,21.875,NO
2026-07-14T14:26:39,82.375,17.625,NO
2026-07-14T14:27:39,82.375,17.625,NO
2026-07-14T14:28:40,87.375,12.625,NO
2026-07-14T14:29:40,83.375,16.625,NO
2026-07-14T14:30:40,85.125,14.875,NO
2026-07-14T14:31:40,82.375,17.625,NO
2026-07-14T14:32:40,85.375,14.625,NO
2026-07-14T14:33:40,82.25,17.75,NO
2026-07-14T14:34:40,84.375,15.625,NO
2026-07-14T14:35:40,83.125,16.875,NO
2026-07-14T14:36:40,84.5,15.5,NO
2026-07-14T14:37:40,83.625,16.375,NO
2026-07-14T14:38:40,85.0,15.0,NO
2026-07-14T14:39:40,82.875,17.125,NO
2026-07-14T14:40:40,85.5,14.5,NO
2026-07-14T14:41:40,82.0,18.0,NO
2026-07-14T14:42:40,86.25,13.75,NO
2026-07-14T14:43:40,82.25,17.75,NO
2026-07-14T14:44:40,85.875,14.125,NO
2026-07-14T14:45:40,82.625,17.375,NO
2026-07-14T14:46:40,85.875,14.125,NO
2026-07-14T14:47:40,82.25,17.75,NO
2026-07-14T14:48:40,85.25,14.75,NO
2026-07-14T14:49:40,83.125,16.875,NO
2026-07-14T14:50:40,84.75,15.25,NO
2026-07-14T14:51:40,82.875,17.125,NO
2026-07-14T14:52:40,84.75,15.25,NO
2026-07-14T14:53:40,82.875,17.125,NO
2026-07-14T14:54:40,83.875,16.125,NO
2026-07-14T14:55:40,83.125,16.875,NO
2026-07-14T14:56:40,83.75,16.25,NO
2026-07-14T14:57:40,83.375,16.625,NO
2026-07-14T14:58:40,83.5,16.5,NO
2026-07-14T14:59:40,83.375,16.625,NO
2026-07-14T15:00:40,83.875,16.125,NO
2026-07-14T15:01:40,78.375,21.625,NO
2026-07-14T15:02:40,84.625,15.375,NO
2026-07-14T15:03:40,80.625,19.375,NO
2026-07-14T15:04:41,85.875,14.125,NO
2026-07-14T15:05:41,76.875,23.125,NO
2026-07-14T15:06:41,85.625,14.375,NO
2026-07-14T15:07:41,76.375,23.625,NO
2026-07-14T15:08:41,86.375,13.625,NO
2026-07-14T15:09:41,86.375,13.625,NO
2026-07-14T15:10:41,76.75,23.25,NO
2026-07-14T15:11:41,86.125,13.875,NO
2026-07-14T15:12:41,76.75,23.25,NO
2026-07-14T15:13:41,85.875,14.125,NO
2026-07-14T15:14:41,84.875,15.125,NO
2026-07-14T15:15:41,78.5,21.5,NO
2026-07-14T15:16:41,85.75,14.25,NO
2026-07-14T15:17:41,76.25,23.75,NO
2026-07-14T15:18:41,85.5,14.5,NO
2026-07-14T15:19:41,75.25,24.75,NO
2026-07-14T15:20:41,85.875,14.125,NO
2026-07-14T15:21:41,85.125,14.875,NO
2026-07-14T15:22:41,81.875,18.125,NO
2026-07-14T15:23:41,82.75,17.25,NO
2026-07-14T15:24:41,84.0,16.0,NO
2026-07-14T15:25:41,80.25,19.75,NO
2026-07-14T15:26:41,84.125,15.875,NO
2026-07-14T15:27:41,83.375,16.625,NO
2026-07-14T15:28:41,83.125,16.875,NO
2026-07-14T15:29:41,82.75,17.25,NO
2026-07-14T15:30:41,82.625,17.375,NO
2026-07-14T15:31:41,83.0,17.0,NO
2026-07-14T15:32:41,82.625,17.375,NO
2026-07-14T15:33:41,82.625,17.375,NO
2026-07-14T15:34:41,82.25,17.75,NO
2026-07-14T15:35:41,81.75,18.25,NO
2026-07-14T15:36:41,82.125,17.875,NO
2026-07-14T15:37:41,82.25,17.75,NO
2026-07-14T15:38:42,82.25,17.75,NO
2026-07-14T15:39:42,82.375,17.625,NO
2026-07-14T15:40:42,82.0,18.0,NO
2026-07-14T15:41:42,82.75,17.25,NO
2026-07-14T15:42:42,82.75,17.25,NO
2026-07-14T15:43:42,81.875,18.125,NO
2026-07-14T15:44:42,82.375,17.625,NO
2026-07-14T15:45:42,82.25,17.75,NO
2026-07-14T15:46:42,81.375,18.625,NO
2026-07-14T15:47:42,81.375,18.625,NO
2026-07-14T15:48:42,81.875,18.125,NO
2026-07-14T15:49:42,82.25,17.75,NO
2026-07-14T15:50:42,82.625,17.375,NO
2026-07-14T15:51:42,82.875,17.125,NO
2026-07-14T15:52:42,82.625,17.375,NO
2026-07-14T15:53:42,82.875,17.125,NO
2026-07-14T15:54:42,83.125,16.875,NO
2026-07-14T15:55:42,83.75,16.25,NO
2026-07-14T15:56:42,84.125,15.875,NO
2026-07-14T15:57:42,84.875,15.125,NO
2026-07-14T15:58:42,83.75,16.25,NO
2026-07-14T15:59:42,83.875,16.125,NO
2026-07-14T16:00:42,83.625,16.375,NO
2026-07-14T16:01:42,83.5,16.5,NO
2026-07-14T16:02:42,83.875,16.125,NO
2026-07-14T16:03:42,85.25,14.75,NO
2026-07-14T16:04:42,76.625,23.375,NO
2026-07-14T16:05:42,85.75,14.25,NO
2026-07-14T16:06:42,75.0,25.0,NO
2026-07-14T16:07:42,85.625,14.375,NO
2026-07-14T16:08:42,85.0,15.0,NO
2026-07-14T16:09:42,77.0,23.0,NO
2026-07-14T16:10:42,85.5,14.5,NO
2026-07-14T16:11:42,75.25,24.75,NO
2026-07-14T16:12:42,85.625,14.375,NO
2026-07-14T16:13:43,85.5,14.5,NO
2026-07-14T16:14:43,78.5,21.5,NO
2026-07-14T16:15:43,86.125,13.875,NO
2026-07-14T16:16:43,85.625,14.375,NO
2026-07-14T16:17:43,79.0,21.0,NO
2026-07-14T16:18:43,85.25,14.75,NO
2026-07-14T16:19:43,85.625,14.375,NO
2026-07-14T16:20:43,77.5,22.5,NO
2026-07-14T16:21:43,85.875,14.125,NO
2026-07-14T16:22:43,79.75,20.25,NO
2026-07-14T16:23:43,82.75,17.25,NO
2026-07-14T16:24:43,83.875,16.125,NO
2026-07-14T16:25:43,84.875,15.125,NO
2026-07-14T16:26:43,83.625,16.375,NO
2026-07-14T16:27:43,82.125,17.875,NO
2026-07-14T16:28:43,82.75,17.25,NO
2026-07-14T16:29:43,82.5,17.5,NO
2026-07-14T16:30:43,83.75,16.25,NO
2026-07-14T16:31:43,84.25,15.75,NO
2026-07-14T16:32:43,84.0,16.0,NO
2026-07-14T16:33:43,83.125,16.875,NO
2026-07-14T16:34:43,82.0,18.0,NO
2026-07-14T16:35:43,82.125,17.875,NO
2026-07-14T16:36:43,82.25,17.75,NO
2026-07-14T16:37:43,83.125,16.875,NO
2026-07-14T16:38:43,84.25,15.75,NO
2026-07-14T16:39:43,83.875,16.125,NO
2026-07-14T16:40:43,83.0,17.0,NO
2026-07-14T16:41:43,82.75,17.25,NO
2026-07-14T16:42:43,81.5,18.5,NO
2026-07-14T16:43:43,82.5,17.5,NO
2026-07-14T16:44:43,82.75,17.25,NO
2026-07-14T16:45:43,84.0,16.0,NO
2026-07-14T16:46:43,84.75,15.25,NO
2026-07-14T16:47:43,83.375,16.625,NO
2026-07-14T16:48:44,82.375,17.625,NO
2026-07-14T16:49:44,82.0,18.0,NO
2026-07-14T16:50:44,83.0,17.0,NO
2026-07-14T16:51:44,82.625,17.375,NO
2026-07-14T16:52:44,84.125,15.875,NO
2026-07-14T16:53:44,85.0,15.0,NO
2026-07-14T16:54:44,84.25,15.75,NO
2026-07-14T16:55:44,83.125,16.875,NO
2026-07-14T16:56:44,82.875,17.125,NO
2026-07-14T16:57:44,82.125,17.875,NO
2026-07-14T16:58:44,83.125,16.875,NO
2026-07-14T16:59:44,82.875,17.125,NO
2026-07-14T17:00:44,84.125,15.875,NO
2026-07-14T17:01:44,85.0,15.0,NO
2026-07-14T17:02:44,86.875,13.125,NO
2026-07-14T17:03:44,85.75,14.25,NO
2026-07-14T17:04:44,82.875,17.125,NO
2026-07-14T17:05:44,80.5,19.5,NO
2026-07-14T17:06:44,85.125,14.875,NO
2026-07-14T17:07:44,78.875,21.125,NO
2026-07-14T17:08:44,85.0,15.0,NO
2026-07-14T17:09:44,76.625,23.375,NO
2026-07-14T17:10:44,85.75,14.25,NO
2026-07-14T17:11:44,76.125,23.875,NO
2026-07-14T17:12:44,86.0,14.0,NO
2026-07-14T17:13:44,75.125,24.875,NO
2026-07-14T17:14:44,83.0,17.0,NO
2026-07-14T17:15:44,85.5,14.5,NO
2026-07-14T17:16:44,76.625,23.375,NO
2026-07-14T17:17:44,85.0,15.0,NO
2026-07-14T17:18:44,75.625,24.375,NO
2026-07-14T17:19:44,82.125,17.875,NO
2026-07-14T17:20:44,85.375,14.625,NO
2026-07-14T17:21:45,76.875,23.125,NO
2026-07-14T17:22:45,82.875,17.125,NO
2026-07-14T17:23:45,81.75,18.25,NO
2026-07-14T17:24:45,81.375,18.625,NO
2026-07-14T17:25:45,82.25,17.75,NO
2026-07-14T17:26:45,87.5,12.5,NO
2026-07-14T17:27:45,82.125,17.875,NO
2026-07-14T17:28:45,85.5,14.5,NO
2026-07-14T17:29:45,82.0,18.0,NO
2026-07-14T17:30:45,84.75,15.25,NO
2026-07-14T17:31:45,82.625,17.375,NO
2026-07-14T17:32:45,84.625,15.375,NO
2026-07-14T17:33:45,83.375,16.625,NO
2026-07-14T17:34:45,83.875,16.125,NO
2026-07-14T17:35:45,83.125,16.875,NO
2026-07-14T17:36:45,83.375,16.625,NO
2026-07-14T17:37:45,84.25,15.75,NO
2026-07-14T17:38:45,83.25,16.75,NO
2026-07-14T17:39:45,84.75,15.25,NO
2026-07-14T17:40:45,83.0,17.0,NO
2026-07-14T17:41:45,86.0,14.0,NO
2026-07-14T17:42:45,82.375,17.625,NO
2026-07-14T17:43:45,84.75,15.25,NO
2026-07-14T17:44:45,82.75,17.25,NO
2026-07-14T17:45:45,84.75,15.25,NO
2026-07-14T17:46:45,83.5,16.5,NO
2026-07-14T17:47:45,83.875,16.125,NO
2026-07-14T17:48:45,83.875,16.125,NO
2026-07-14T17:49:45,83.0,17.0,NO
2026-07-14T17:50:45,84.25,15.75,NO
2026-07-14T17:51:45,82.0,18.0,NO
2026-07-14T17:52:45,85.5,14.5,NO
2026-07-14T17:53:45,81.5,18.5,NO
2026-07-14T17:54:45,84.25,15.75,NO
2026-07-14T17:55:45,82.625,17.375,NO
2026-07-14T17:56:46,84.0,16.0,NO
2026-07-14T17:57:46,82.625,17.375,NO
2026-07-14T17:58:46,82.75,17.25,NO
2026-07-14T17:59:46,83.625,16.375,NO
2026-07-14T18:00:46,82.625,17.375,NO
2026-07-14T18:01:46,85.875,14.125,NO
2026-07-14T18:02:46,85.5,14.5,NO
2026-07-14T18:03:46,86.125,13.875,NO
2026-07-14T18:04:46,76.0,24.0,NO
2026-07-14T18:05:46,86.0,14.0,NO
2026-07-14T18:06:46,84.5,15.5,NO
2026-07-14T18:07:46,79.5,20.5,NO
2026-07-14T18:08:46,85.375,14.625,NO
2026-07-14T18:09:46,77.0,23.0,NO
2026-07-14T18:10:46,85.5,14.5,NO
2026-07-14T18:11:46,75.25,24.75,NO
2026-07-14T18:12:46,85.0,15.0,NO
2026-07-14T18:13:46,85.75,14.25,NO
2026-07-14T18:14:46,76.125,23.875,NO
2026-07-14T18:15:46,86.0,14.0,NO
2026-07-14T18:16:46,75.25,24.75,NO
2026-07-14T18:17:46,86.125,13.875,NO
2026-07-14T18:18:46,84.125,15.875,NO
2026-07-14T18:19:46,79.625,20.375,NO
2026-07-14T18:20:46,85.125,14.875,NO
2026-07-14T18:21:46,76.125,23.875,NO
2026-07-14T18:22:46,75.25,24.75,NO
2026-07-14T18:23:46,84.25,15.75,NO
2026-07-14T18:24:46,82.375,17.625,NO
2026-07-14T18:25:46,80.625,19.375,NO
2026-07-14T18:26:46,87.125,12.875,NO
2026-07-14T18:27:46,81.625,18.375,NO
2026-07-14T18:28:46,82.25,17.75,NO
2026-07-14T18:29:47,81.875,18.125,NO
2026-07-14T18:30:47,84.5,15.5,NO
2026-07-14T18:31:47,82.875,17.125,NO
2026-07-14T18:32:47,81.5,18.5,NO
2026-07-14T18:33:47,81.375,18.625,NO
2026-07-14T18:34:47,81.5,18.5,NO
2026-07-14T18:35:47,82.375,17.625,NO
2026-07-14T18:36:47,83.125,16.875,NO
2026-07-14T18:37:47,83.75,16.25,NO
2026-07-14T18:38:47,82.125,17.875,NO
2026-07-14T18:39:47,82.0,18.0,NO
2026-07-14T18:40:47,81.25,18.75,NO
2026-07-14T18:41:47,81.75,18.25,NO
2026-07-14T18:42:47,83.125,16.875,NO
2026-07-14T18:43:47,83.25,16.75,NO
2026-07-14T18:44:47,82.5,17.5,NO
2026-07-14T18:45:47,81.625,18.375,NO
2026-07-14T18:46:47,81.125,18.875,NO
2026-07-14T18:47:47,82.125,17.875,NO
2026-07-14T18:48:47,83.875,16.125,NO
2026-07-14T18:49:47,83.25,16.75,NO
2026-07-14T18:50:47,82.25,17.75,NO
2026-07-14T18:51:47,82.25,17.75,NO
2026-07-14T18:52:47,81.25,18.75,NO
2026-07-14T18:53:47,82.375,17.625,NO
2026-07-14T18:54:47,83.0,17.0,NO
2026-07-14T18:55:47,83.125,16.875,NO
2026-07-14T18:56:47,81.5,18.5,NO
2026-07-14T18:57:47,81.0,19.0,NO
2026-07-14T18:58:47,81.0,19.0,NO
2026-07-14T18:59:47,82.125,17.875,NO
2026-07-14T19:00:47,84.375,15.625,NO
2026-07-14T19:01:47,82.5,17.5,NO
2026-07-14T19:02:47,81.25,18.75,NO
2026-07-14T19:03:47,85.25,14.75,NO
2026-07-14T19:35:53,33.125,66.875,NO
2026-07-14T19:36:53,75.0,25.0,NO
2026-07-14T19:37:54,73.75,26.25,NO
2026-07-14T19:38:54,82.125,17.875,NO
2026-07-14T19:39:54,73.375,26.625,NO
2026-07-14T19:40:54,83.0,17.0,NO
2026-07-14T19:41:54,81.5,18.5,NO
2026-07-14T19:42:54,76.5,23.5,NO
2026-07-14T19:43:54,83.625,16.375,NO
2026-07-14T19:44:54,73.375,26.625,NO
2026-07-14T19:45:54,80.375,19.625,NO
2026-07-14T19:46:54,82.125,17.875,NO
2026-07-14T19:47:54,77.625,22.375,NO
2026-07-14T19:48:54,84.5,15.5,NO
2026-07-14T19:49:54,75.125,24.875,NO
2026-07-14T19:50:54,84.5,15.5,NO
2026-07-14T19:51:54,83.75,16.25,NO
2026-07-14T19:52:54,75.75,24.25,NO
2026-07-14T19:53:54,84.75,15.25,NO
2026-07-14T19:54:54,84.0,16.0,NO
2026-07-14T19:55:54,80.25,19.75,NO
2026-07-14T19:56:54,82.125,17.875,NO
2026-07-14T19:57:54,77.875,22.125,NO
2026-07-14T19:58:54,86.375,13.625,NO
2026-07-14T19:59:54,82.625,17.375,NO
2026-07-14T20:00:54,83.875,16.125,NO
2026-07-14T20:01:54,81.0,19.0,NO
2026-07-14T20:02:54,82.375,17.625,NO
2026-07-14T20:03:54,85.25,14.75,NO
2026-07-14T20:04:54,81.875,18.125,NO
2026-07-14T20:05:54,81.375,18.625,NO
2026-07-14T20:06:54,83.0,17.0,NO
2026-07-14T20:07:54,82.375,17.625,NO
2026-07-14T20:08:55,81.0,19.0,NO
2026-07-14T20:09:55,82.875,17.125,NO
2026-07-14T20:10:55,83.875,16.125,NO
2026-07-14T20:11:55,81.25,18.75,NO
2026-07-14T20:12:55,81.875,18.125,NO
2026-07-14T20:13:55,84.25,15.75,NO
2026-07-14T20:14:55,81.875,18.125,NO
2026-07-14T20:15:55,81.625,18.375,NO
2026-07-14T20:16:55,83.5,16.5,NO
2026-07-14T20:17:55,81.75,18.25,NO
2026-07-14T20:18:55,81.125,18.875,NO
2026-07-14T20:19:55,83.0,17.0,NO
2026-07-14T20:20:55,83.375,16.625,NO
2026-07-14T20:21:55,81.0,19.0,NO
2026-07-14T20:22:55,82.75,17.25,NO
2026-07-14T20:23:55,83.875,16.125,NO
2026-07-14T20:24:55,81.0,19.0,NO
2026-07-14T20:25:55,82.25,17.75,NO
2026-07-14T20:27:46,41.5,58.5,NO
2026-07-14T20:28:46,82.875,17.125,NO
2026-07-14T20:29:46,82.625,17.375,NO
2026-07-14T20:30:46,84.0,16.0,NO
2026-07-14T20:31:46,73.5,26.5,NO
2026-07-14T20:32:46,84.625,15.375,NO
2026-07-14T20:33:46,82.125,17.875,NO
2026-07-14T20:34:46,77.125,22.875,NO
2026-07-14T20:35:46,84.625,15.375,NO
2026-07-14T20:36:46,74.625,25.375,NO
2026-07-14T20:37:46,84.375,15.625,NO
2026-07-14T20:38:46,82.375,17.625,NO
2026-07-14T20:39:46,78.25,21.75,NO
2026-07-14T20:40:46,84.125,15.875,NO
2026-07-14T20:41:46,75.5,24.5,NO
2026-07-14T20:42:46,84.375,15.625,NO
2026-07-14T20:43:46,75.75,24.25,NO
2026-07-14T20:44:46,79.125,20.875,NO
2026-07-14T20:45:46,83.75,16.25,NO
2026-07-14T20:46:46,75.125,24.875,NO
2026-07-14T20:47:46,84.875,15.125,NO
2026-07-14T20:48:46,73.5,26.5,NO
2026-07-14T20:49:46,79.625,20.375,NO
2026-07-14T20:50:46,77.875,22.125,NO
2026-07-14T20:51:46,74.625,25.375,NO
2026-07-14T20:52:46,80.0,20.0,NO
2026-07-14T20:53:46,81.75,18.25,NO
2026-07-14T20:54:47,78.125,21.875,NO
2026-07-14T20:55:47,81.5,18.5,NO
2026-07-14T20:56:47,83.75,16.25,NO
2026-07-14T20:57:47,82.375,17.625,NO
2026-07-14T20:58:47,80.875,19.125,NO
2026-07-14T20:59:47,81.875,18.125,NO
2026-07-14T21:00:47,83.375,16.625,NO
2026-07-14T21:01:47,82.75,17.25,NO
2026-07-14T21:02:47,81.25,18.75,NO
2026-07-14T21:03:47,80.375,19.625,NO
2026-07-14T21:04:47,81.375,18.625,NO
2026-07-14T21:05:47,82.375,17.625,NO
2026-07-14T21:06:47,82.875,17.125,NO
2026-07-14T21:07:47,81.125,18.875,NO
2026-07-14T21:08:47,80.875,19.125,NO
2026-07-14T21:09:47,82.125,17.875,NO
2026-07-14T21:10:47,81.625,18.375,NO
2026-07-14T21:11:47,82.0,18.0,NO
2026-07-14T21:12:47,82.875,17.125,NO
2026-07-14T21:13:47,81.25,18.75,NO
2026-07-14T21:14:47,81.125,18.875,NO
2026-07-14T21:15:47,82.5,17.5,NO
2026-07-14T21:16:47,82.375,17.625,NO
2026-07-14T21:17:47,80.625,19.375,NO
2026-07-14T21:18:47,81.375,18.625,NO
2026-07-14T21:19:47,83.125,16.875,NO
2026-07-14T21:20:47,83.0,17.0,NO
2026-07-14T21:21:47,81.375,18.625,NO
2026-07-14T21:22:47,80.5,19.5,NO
2026-07-14T21:23:47,81.5,18.5,NO
2026-07-14T21:24:47,83.25,16.75,NO
2026-07-14T21:25:47,83.0,17.0,NO
2026-07-14T21:26:47,81.625,18.375,NO
2026-07-14T21:27:47,80.625,19.375,NO
2026-07-14T21:28:47,81.5,18.5,NO
2026-07-14T21:29:48,84.0,16.0,NO
2026-07-14T21:30:48,81.25,18.75,NO
2026-07-14T21:31:48,80.75,19.25,NO
2026-07-14T21:32:48,81.375,18.625,NO
2026-07-14T21:33:48,82.5,17.5,NO
2026-07-14T21:34:48,83.875,16.125,NO
2026-07-14T21:35:48,84.5,15.5,NO
2026-07-14T21:36:48,84.375,15.625,NO
2026-07-14T21:37:48,73.125,26.875,NO
2026-07-14T21:38:48,82.25,17.75,NO
2026-07-14T21:39:48,83.5,16.5,NO
2026-07-14T21:40:48,75.625,24.375,NO
2026-07-14T21:41:48,84.5,15.5,NO
2026-07-14T21:42:48,73.5,26.5,NO
2026-07-14T21:43:48,82.25,17.75,NO
2026-07-14T21:44:48,82.25,17.75,NO
2026-07-14T21:45:48,77.0,23.0,NO
2026-07-14T21:46:48,84.25,15.75,NO
2026-07-14T21:47:48,74.5,25.5,NO
2026-07-14T21:48:48,84.375,15.625,NO
2026-07-14T21:49:48,76.0,24.0,NO
2026-07-14T21:50:48,79.0,21.0,NO
2026-07-14T21:51:48,84.5,15.5,NO
2026-07-14T21:52:48,74.75,25.25,NO
2026-07-14T21:53:48,84.25,15.75,NO
2026-07-14T21:54:48,83.375,16.625,NO
2026-07-14T21:55:48,76.625,23.375,NO
2026-07-14T21:56:48,84.125,15.875,NO
2026-07-14T21:57:48,81.125,18.875,NO
2026-07-14T21:58:48,79.125,20.875,NO
2026-07-14T21:59:48,77.625,22.375,NO
2026-07-14T22:00:48,79.125,20.875,NO
2026-07-14T22:01:48,78.875,21.125,NO
2026-07-14T22:02:49,84.875,15.125,NO
2026-07-14T22:03:49,80.875,19.125,NO
2026-07-14T22:04:49,82.875,17.125,NO
2026-07-14T22:05:49,81.25,18.75,NO
2026-07-14T22:06:49,81.375,18.625,NO
2026-07-14T22:07:49,82.375,17.625,NO
2026-07-14T22:08:49,80.875,19.125,NO
2026-07-14T22:09:49,83.125,16.875,NO
2026-07-14T22:10:49,81.375,18.625,NO
2026-07-14T22:11:49,81.625,18.375,NO
2026-07-14T22:12:49,82.125,17.875,NO
2026-07-14T22:13:49,81.0,19.0,NO
2026-07-14T22:14:49,83.125,16.875,NO
2026-07-14T22:15:49,80.375,19.625,NO
2026-07-14T22:16:49,82.75,17.25,NO
2026-07-14T22:17:49,81.125,18.875,NO
2026-07-14T22:18:49,81.125,18.875,NO
2026-07-14T22:19:49,82.125,17.875,NO
2026-07-14T22:20:49,80.625,19.375,NO
2026-07-14T22:21:49,83.25,16.75,NO
2026-07-14T22:22:49,80.625,19.375,NO
2026-07-14T22:23:49,82.5,17.5,NO
2026-07-14T22:24:49,81.75,18.25,NO
2026-07-14T22:25:49,81.125,18.875,NO
2026-07-14T22:26:49,83.5,16.5,NO
2026-07-14T22:27:49,80.875,19.125,NO
2026-07-14T22:28:49,83.75,16.25,NO
2026-07-14T22:29:49,82.125,17.875,NO
2026-07-14T22:30:49,82.0,18.0,NO
2026-07-14T22:31:49,83.375,16.625,NO
2026-07-14T22:32:49,81.625,18.375,NO
2026-07-14T22:33:49,84.25,15.75,NO
2026-07-14T22:34:49,81.5,18.5,NO
2026-07-14T22:35:49,83.25,16.75,NO
2026-07-14T22:36:49,83.0,17.0,NO
2026-07-14T22:37:49,82.5,17.5,NO
2026-07-14T22:38:50,85.125,14.875,NO
2026-07-14T22:39:50,81.625,18.375,NO
2026-07-14T22:40:50,83.375,16.625,NO
2026-07-14T22:41:50,83.5,16.5,NO
2026-07-14T22:42:50,84.375,15.625,NO
2026-07-14T22:43:50,76.875,23.125,NO
2026-07-14T22:44:50,85.125,14.875,NO
2026-07-14T22:45:50,74.75,25.25,NO
2026-07-14T22:46:50,84.875,15.125,NO
2026-07-14T22:47:50,84.875,15.125,NO
2026-07-14T22:48:50,75.875,24.125,NO
2026-07-14T22:49:50,85.0,15.0,NO
2026-07-14T22:50:50,84.125,15.875,NO
2026-07-14T22:51:50,78.0,22.0,NO
2026-07-14T22:52:50,85.25,14.75,NO
2026-07-14T22:53:50,84.25,15.75,NO
2026-07-14T22:54:50,79.0,21.0,NO
2026-07-14T22:55:50,84.875,15.125,NO
2026-07-14T22:56:50,77.25,22.75,NO
2026-07-14T22:57:50,85.0,15.0,NO
2026-07-14T22:58:50,85.5,14.5,NO
2026-07-14T22:59:50,76.75,23.25,NO
2026-07-14T23:00:50,85.25,14.75,NO
2026-07-14T23:01:50,85.625,14.375,NO
2026-07-14T23:02:50,77.75,22.25,NO
2026-07-14T23:03:50,81.75,18.25,NO
2026-07-14T23:04:50,83.5,16.5,NO
2026-07-14T23:05:50,83.5,16.5,NO
2026-07-14T23:06:50,83.0,17.0,NO
2026-07-14T23:07:50,87.5,12.5,NO
2026-07-14T23:08:50,84.0,16.0,NO
2026-07-14T23:09:50,83.0,17.0,NO
2026-07-14T23:10:50,83.375,16.625,NO
2026-07-14T23:11:51,84.75,15.25,NO
2026-07-14T23:12:51,85.5,14.5,NO
2026-07-14T23:13:51,84.125,15.875,NO
2026-07-14T23:14:51,83.875,16.125,NO
2026-07-14T23:15:51,82.75,17.25,NO
2026-07-14T23:16:51,82.75,17.25,NO
2026-07-14T23:17:51,83.5,16.5,NO
2026-07-14T23:18:51,84.875,15.125,NO
2026-07-14T23:19:51,83.75,16.25,NO
2026-07-14T23:20:51,82.875,17.125,NO
2026-07-14T23:21:51,83.25,16.75,NO
2026-07-14T23:22:51,84.25,15.75,NO
2026-07-14T23:23:51,85.625,14.375,NO
2026-07-14T23:24:51,84.25,15.75,NO
2026-07-14T23:25:51,84.125,15.875,NO
2026-07-14T23:26:51,83.75,16.25,NO
2026-07-14T23:27:51,82.375,17.625,NO
2026-07-14T23:28:51,82.75,17.25,NO
2026-07-14T23:29:51,82.5,17.5,NO
2026-07-14T23:30:51,83.375,16.625,NO
2026-07-14T23:31:51,84.0,16.0,NO
2026-07-14T23:32:51,84.125,15.875,NO
2026-07-14T23:33:51,82.5,17.5,NO
2026-07-14T23:34:51,81.375,18.625,NO
2026-07-14T23:35:51,81.125,18.875,NO
2026-07-14T23:36:51,81.75,18.25,NO
2026-07-14T23:37:51,82.125,17.875,NO
2026-07-14T23:38:51,82.875,17.125,NO
2026-07-14T23:39:51,84.125,15.875,NO
2026-07-14T23:40:51,82.875,17.125,NO
2026-07-14T23:41:51,82.0,18.0,NO
2026-07-14T23:42:51,81.125,18.875,NO
2026-07-14T23:43:51,81.0,19.0,NO
2026-07-14T23:44:51,81.5,18.5,NO
2026-07-14T23:45:51,81.5,18.5,NO
2026-07-14T23:46:51,75.375,24.625,NO
2026-07-14T23:47:52,83.875,16.125,NO
2026-07-14T23:48:52,75.75,24.25,NO
2026-07-14T23:49:52,83.25,16.75,NO
2026-07-14T23:50:52,83.875,16.125,NO
2026-07-14T23:51:52,77.125,22.875,NO
2026-07-14T23:52:52,82.625,17.375,NO
2026-07-14T23:53:52,75.75,24.25,NO
2026-07-14T23:54:52,84.25,15.75,NO
2026-07-14T23:55:52,75.125,24.875,NO
2026-07-14T23:56:52,79.125,20.875,NO
2026-07-14T23:57:52,84.0,16.0,NO
2026-07-14T23:58:52,75.25,24.75,NO
2026-07-14T23:59:52,84.125,15.875,NO
2026-07-15T00:00:52,83.75,16.25,NO
2026-07-15T00:01:52,73.875,26.125,NO
2026-07-15T00:02:52,84.375,15.625,NO
2026-07-15T00:03:52,76.125,23.875,NO
2026-07-15T00:04:52,84.875,15.125,NO
2026-07-15T00:05:52,84.625,15.375,NO
2026-07-15T00:06:52,76.375,23.625,NO
2026-07-15T00:07:52,77.125,22.875,NO
2026-07-15T00:08:52,81.125,18.875,NO
2026-07-15T00:09:52,79.0,21.0,NO
2026-07-15T00:10:52,80.625,19.375,NO
2026-07-15T00:11:52,84.875,15.125,NO
2026-07-15T00:12:52,82.625,17.375,NO
2026-07-15T00:13:52,80.625,19.375,NO
2026-07-15T00:14:52,81.25,18.75,NO
2026-07-15T00:15:52,82.0,18.0,NO
2026-07-15T00:16:52,83.25,16.75,NO
2026-07-15T00:17:52,83.0,17.0,NO
2026-07-15T00:18:52,83.625,16.375,NO
2026-07-15T00:19:52,83.5,16.5,NO
2026-07-15T00:20:52,84.25,15.75,NO
2026-07-15T00:21:52,84.0,16.0,NO
2026-07-15T00:22:52,82.625,17.375,NO
2026-07-15T00:23:53,82.25,17.75,NO
2026-07-15T00:24:53,82.25,17.75,NO
2026-07-15T00:25:53,82.0,18.0,NO
2026-07-15T00:26:53,81.125,18.875,NO
2026-07-15T00:27:53,83.375,16.625,NO
2026-07-15T00:28:53,80.375,19.625,NO
2026-07-15T00:29:53,83.375,16.625,NO
2026-07-15T00:30:53,81.25,18.75,NO
2026-07-15T00:31:53,81.0,19.0,NO
2026-07-15T00:32:53,82.125,17.875,NO
2026-07-15T00:33:53,81.875,18.125,NO
2026-07-15T00:34:53,80.75,19.25,NO
2026-07-15T00:35:53,76.5,23.5,NO
2026-07-15T00:36:53,83.375,16.625,NO
2026-07-15T00:37:53,82.625,17.375,NO
2026-07-15T00:38:53,84.375,15.625,NO
2026-07-15T00:39:53,82.5,17.5,NO
2026-07-15T00:40:53,82.875,17.125,NO
2026-07-15T00:41:53,84.125,15.875,NO
2026-07-15T00:42:53,82.875,17.125,NO
2026-07-15T00:43:53,82.0,18.0,NO
2026-07-15T00:44:53,81.25,18.75,NO
2026-07-15T00:45:53,82.375,17.625,NO
2026-07-15T00:46:53,83.625,16.375,NO
2026-07-15T00:47:53,83.375,16.625,NO
2026-07-15T00:48:53,82.75,17.25,NO
2026-07-15T00:49:53,81.25,18.75,NO
2026-07-15T00:50:53,83.125,16.875,NO
2026-07-15T00:51:53,80.625,19.375,NO
2026-07-15T00:52:53,86.375,13.625,NO
2026-07-15T00:53:53,82.625,17.375,NO
2026-07-15T00:54:53,78.5,21.5,NO
2026-07-15T00:55:53,82.5,17.5,NO
2026-07-15T00:56:53,81.75,18.25,NO
2026-07-15T00:57:53,78.5,21.5,NO
2026-07-15T00:58:54,79.625,20.375,NO
2026-07-15T00:59:54,76.375,23.625,NO
2026-07-15T01:00:54,82.625,17.375,NO
2026-07-15T01:01:54,82.75,17.25,NO
2026-07-15T01:02:54,80.375,19.625,NO
2026-07-15T01:03:54,83.5,16.5,NO
2026-07-15T01:04:54,82.5,17.5,NO
2026-07-15T01:05:54,84.375,15.625,NO
2026-07-15T01:06:54,85.875,14.125,NO
2026-07-15T01:07:54,80.25,19.75,NO
2026-07-15T01:08:54,86.25,13.75,NO
2026-07-15T01:09:54,84.375,15.625,NO
2026-07-15T01:10:54,85.125,14.875,NO
2026-07-15T01:11:54,85.25,14.75,NO
2026-07-15T01:12:54,86.625,13.375,NO
2026-07-15T01:13:54,88.25,11.75,NO
2026-07-15T01:14:54,87.0,13.0,NO
2026-07-15T01:15:54,77.5,22.5,NO
2026-07-15T01:16:54,86.25,13.75,NO
2026-07-15T01:17:54,85.125,14.875,NO
2026-07-15T01:18:54,79.0,21.0,NO
2026-07-15T01:19:54,85.25,14.75,NO
2026-07-15T01:20:54,76.875,23.125,NO
2026-07-15T01:21:54,78.0,22.0,NO
2026-07-15T01:22:54,81.125,18.875,NO
2026-07-15T01:23:54,81.25,18.75,NO
2026-07-15T01:24:55,81.875,18.125,NO
2026-07-15T01:25:55,86.0,14.0,NO
2026-07-15T01:26:55,86.25,13.75,NO
2026-07-15T01:27:55,83.25,16.75,NO
2026-07-15T01:28:55,82.5,17.5,NO
2026-07-15T01:29:55,84.25,15.75,NO
2026-07-15T01:30:55,81.875,18.125,NO
2026-07-15T01:31:55,84.0,16.0,NO
2026-07-15T01:32:55,82.875,17.125,NO
2026-07-15T01:33:55,80.875,19.125,NO
2026-07-15T01:34:55,84.5,15.5,NO
2026-07-15T01:35:55,81.25,18.75,NO
2026-07-15T01:36:55,81.375,18.625,NO
2026-07-15T01:37:55,83.125,16.875,NO
2026-07-15T01:38:55,81.0,19.0,NO
2026-07-15T01:39:55,81.375,18.625,NO
2026-07-15T01:40:55,82.0,18.0,NO
2026-07-15T01:41:55,79.5,20.5,NO
2026-07-15T01:42:55,82.375,17.625,NO
2026-07-15T01:43:55,80.5,19.5,NO
2026-07-15T01:44:55,80.0,20.0,NO
2026-07-15T01:45:55,82.25,17.75,NO
2026-07-15T01:46:55,80.375,19.625,NO
2026-07-15T01:47:55,81.25,18.75,NO
2026-07-15T01:48:55,79.625,20.375,NO
2026-07-15T01:49:55,83.0,17.0,NO
2026-07-15T01:50:55,82.625,17.375,NO
2026-07-15T01:51:55,83.625,16.375,NO
2026-07-15T01:52:55,87.125,12.875,NO
2026-07-15T01:53:55,85.5,14.5,NO
2026-07-15T01:54:55,83.625,16.375,NO
2026-07-15T01:55:55,82.5,17.5,NO
2026-07-15T01:56:55,81.625,18.375,NO
2026-07-15T01:57:55,80.625,19.375,NO
2026-07-15T01:58:55,82.25,17.75,NO
2026-07-15T01:59:56,80.125,19.875,NO
2026-07-15T02:00:56,80.875,19.125,NO
2026-07-15T02:01:56,81.125,18.875,NO
2026-07-15T02:02:56,78.75,21.25,NO
2026-07-15T02:03:56,81.75,18.25,NO
2026-07-15T02:04:56,80.0,20.0,NO
2026-07-15T02:05:56,79.875,20.125,NO
2026-07-15T02:06:56,82.125,17.875,NO
2026-07-15T02:07:56,79.75,20.25,NO
2026-07-15T02:08:56,81.375,18.625,NO
2026-07-15T02:09:56,82.75,17.25,NO
2026-07-15T02:10:56,74.25,25.75,NO
2026-07-15T02:11:56,82.875,17.125,NO
2026-07-15T02:12:56,73.125,26.875,NO
2026-07-15T02:13:56,80.25,19.75,NO
2026-07-15T02:14:56,83.125,16.875,NO
2026-07-15T02:15:56,74.5,25.5,NO
2026-07-15T02:16:56,83.5,16.5,NO
2026-07-15T02:17:56,74.0,26.0,NO
2026-07-15T02:18:56,83.0,17.0,NO
2026-07-15T02:19:56,83.375,16.625,NO
2026-07-15T02:20:56,73.75,26.25,NO
2026-07-15T02:21:56,83.0,17.0,NO
2026-07-15T02:22:56,82.75,17.25,NO
2026-07-15T02:23:56,76.375,23.625,NO
2026-07-15T02:24:56,82.625,17.375,NO
2026-07-15T02:25:56,73.375,26.625,NO
2026-07-15T02:26:56,81.0,19.0,NO
2026-07-15T02:27:56,83.25,16.75,NO
2026-07-15T02:28:56,76.0,24.0,NO
2026-07-15T02:29:56,78.875,21.125,NO
2026-07-15T02:30:56,82.875,17.125,NO
2026-07-15T02:31:56,80.0,20.0,NO
2026-07-15T02:32:56,78.0,22.0,NO
2026-07-15T02:33:57,80.0,20.0,NO
2026-07-15T02:34:57,82.375,17.625,NO
2026-07-15T02:35:57,82.625,17.375,NO
2026-07-15T02:36:57,83.5,16.5,NO
2026-07-15T02:37:57,82.75,17.25,NO
2026-07-15T02:38:57,82.125,17.875,NO
2026-07-15T02:39:57,81.5,18.5,NO
2026-07-15T02:40:57,82.0,18.0,NO
2026-07-15T02:41:57,81.75,18.25,NO
2026-07-15T02:42:57,81.25,18.75,NO
2026-07-15T02:43:57,81.25,18.75,NO
2026-07-15T02:44:57,81.25,18.75,NO
2026-07-15T02:45:57,81.375,18.625,NO
2026-07-15T02:46:57,80.875,19.125,NO
2026-07-15T02:47:57,80.875,19.125,NO
2026-07-15T02:48:57,79.875,20.125,NO
2026-07-15T02:49:57,80.125,19.875,NO
2026-07-15T02:50:57,80.875,19.125,NO
2026-07-15T02:51:57,81.375,18.625,NO
2026-07-15T02:52:57,81.25,18.75,NO
2026-07-15T02:53:57,81.625,18.375,NO
2026-07-15T02:54:57,82.0,18.0,NO
2026-07-15T02:55:58,82.375,17.625,NO
2026-07-15T02:56:58,82.875,17.125,NO
2026-07-15T02:57:58,82.875,17.125,NO
2026-07-15T02:58:58,84.375,15.625,NO
2026-07-15T02:59:58,83.25,16.75,NO
2026-07-15T03:00:58,83.125,16.875,NO
2026-07-15T03:01:58,83.375,16.625,NO
2026-07-15T03:02:58,82.75,17.25,NO
2026-07-15T03:03:58,82.5,17.5,NO
2026-07-15T03:04:58,81.75,18.25,NO
2026-07-15T03:05:58,81.5,18.5,NO
2026-07-15T03:06:58,81.625,18.375,NO
2026-07-15T03:07:58,81.375,18.625,NO
2026-07-15T03:08:58,81.75,18.25,NO
2026-07-15T03:09:58,81.5,18.5,NO
2026-07-15T03:10:58,82.0,18.0,NO
2026-07-15T03:11:58,82.0,18.0,NO
2026-07-15T03:12:58,82.25,17.75,NO
2026-07-15T03:13:58,82.875,17.125,NO
2026-07-15T03:14:58,83.0,17.0,NO
2026-07-15T03:15:58,84.625,15.375,NO
2026-07-15T03:16:58,82.5,17.5,NO
2026-07-15T03:17:58,80.125,19.875,NO
2026-07-15T03:18:58,84.875,15.125,NO
2026-07-15T03:19:58,76.875,23.125,NO
2026-07-15T03:20:58,84.25,15.75,NO
2026-07-15T03:21:58,76.0,24.0,NO
2026-07-15T03:22:58,85.375,14.625,NO
2026-07-15T03:23:58,75.375,24.625,NO
2026-07-15T03:24:58,82.875,17.125,NO
2026-07-15T03:25:58,85.375,14.625,NO
2026-07-15T03:26:59,84.125,15.875,NO
2026-07-15T03:27:59,78.75,21.25,NO
2026-07-15T03:28:59,85.875,14.125,NO
2026-07-15T03:29:59,76.375,23.625,NO
2026-07-15T03:30:59,85.75,14.25,NO
2026-07-15T03:31:59,85.5,14.5,NO
2026-07-15T03:32:59,78.625,21.375,NO
2026-07-15T03:33:59,85.375,14.625,NO
2026-07-15T03:34:59,78.0,22.0,NO
2026-07-15T03:35:59,81.5,18.5,NO
2026-07-15T03:36:59,82.875,17.125,NO
2026-07-15T03:37:59,83.875,16.125,NO
2026-07-15T03:38:59,84.625,15.375,NO
2026-07-15T03:39:59,85.0,15.0,NO
2026-07-15T03:40:59,85.625,14.375,NO
2026-07-15T03:41:59,84.5,15.5,NO
2026-07-15T03:42:59,83.5,16.5,NO
2026-07-15T03:43:59,83.25,16.75,NO
2026-07-15T03:44:59,82.875,17.125,NO
2026-07-15T03:45:59,82.875,17.125,NO
2026-07-15T03:46:59,82.75,17.25,NO
2026-07-15T03:47:59,82.0,18.0,NO
2026-07-15T03:48:59,81.5,18.5,NO
2026-07-15T03:49:59,81.5,18.5,NO
2026-07-15T03:50:59,82.75,17.25,NO
2026-07-15T03:51:59,82.75,17.25,NO
2026-07-15T03:52:59,83.25,16.75,NO
2026-07-15T03:53:59,83.25,16.75,NO
2026-07-15T03:54:59,84.0,16.0,NO
2026-07-15T03:55:59,84.375,15.625,NO
2026-07-15T03:56:59,85.75,14.25,NO
2026-07-15T03:57:59,84.875,15.125,NO
2026-07-15T03:58:59,84.5,15.5,NO
2026-07-15T03:59:59,84.0,16.0,NO
2026-07-15T04:00:59,83.5,16.5,NO
2026-07-15T04:01:59,82.75,17.25,NO
2026-07-15T04:03:00,82.75,17.25,NO
2026-07-15T04:04:00,82.875,17.125,NO
2026-07-15T04:05:00,83.0,17.0,NO
2026-07-15T04:06:00,82.375,17.625,NO
2026-07-15T04:07:00,81.875,18.125,NO
2026-07-15T04:08:00,82.25,17.75,NO
2026-07-15T04:09:00,82.25,17.75,NO
2026-07-15T04:10:00,83.0,17.0,NO
2026-07-15T04:11:00,83.625,16.375,NO
2026-07-15T04:12:00,83.25,16.75,NO
2026-07-15T04:13:00,84.125,15.875,NO
2026-07-15T04:14:00,85.25,14.75,NO
2026-07-15T04:15:00,85.25,14.75,NO
2026-07-15T04:16:01,84.5,15.5,NO
2026-07-15T04:17:01,84.125,15.875,NO
2026-07-15T04:18:01,84.0,16.0,NO
2026-07-15T04:19:01,87.0,13.0,NO
2026-07-15T04:20:01,86.125,13.875,NO
2026-07-15T04:21:01,86.75,13.25,NO
2026-07-15T04:22:01,77.0,23.0,NO
2026-07-15T04:23:01,86.875,13.125,NO
2026-07-15T04:24:01,76.625,23.375,NO
2026-07-15T04:25:01,86.375,13.625,NO
2026-07-15T04:26:01,77.25,22.75,NO
2026-07-15T04:27:01,86.5,13.5,NO
2026-07-15T04:28:01,86.5,13.5,NO
2026-07-15T04:29:01,79.375,20.625,NO
2026-07-15T04:30:01,86.25,13.75,NO
2026-07-15T04:31:01,78.875,21.125,NO
2026-07-15T04:32:01,87.0,13.0,NO
2026-07-15T04:33:01,77.625,22.375,NO
2026-07-15T04:34:01,86.875,13.125,NO
2026-07-15T04:35:01,87.0,13.0,NO
2026-07-15T04:36:01,79.25,20.75,NO
2026-07-15T04:37:01,86.0,14.0,NO
2026-07-15T04:38:01,78.125,21.875,NO
2026-07-15T04:39:01,86.0,14.0,NO
2026-07-15T04:40:01,78.0,22.0,NO
2026-07-15T04:41:01,86.5,13.5,NO
2026-07-15T04:42:01,86.5,13.5,NO
2026-07-15T04:43:01,86.125,13.875,NO
2026-07-15T04:44:01,80.875,19.125,NO
2026-07-15T04:45:01,85.5,14.5,NO
2026-07-15T04:46:01,84.875,15.125,NO
2026-07-15T04:47:01,87.0,13.0,NO
2026-07-15T04:48:01,84.5,15.5,NO
2026-07-15T04:49:02,83.875,16.125,NO
2026-07-15T04:50:02,83.625,16.375,NO
2026-07-15T04:51:02,84.0,16.0,NO
2026-07-15T04:52:02,84.0,16.0,NO
2026-07-15T04:53:02,83.75,16.25,NO
2026-07-15T04:54:02,83.5,16.5,NO
2026-07-15T04:55:02,83.25,16.75,NO
2026-07-15T04:56:02,83.25,16.75,NO
2026-07-15T04:57:02,83.125,16.875,NO
2026-07-15T04:58:02,82.875,17.125,NO
2026-07-15T04:59:02,82.5,17.5,NO
2026-07-15T05:00:02,82.875,17.125,NO
2026-07-15T05:01:02,82.625,17.375,NO
2026-07-15T05:02:02,82.75,17.25,NO
2026-07-15T05:03:02,83.125,16.875,NO
2026-07-15T05:04:02,83.5,16.5,NO
2026-07-15T05:05:02,84.125,15.875,NO
2026-07-15T05:06:02,83.375,16.625,NO
2026-07-15T05:07:02,83.75,16.25,NO
2026-07-15T05:08:02,83.875,16.125,NO
2026-07-15T05:09:02,84.125,15.875,NO
2026-07-15T05:10:02,84.25,15.75,NO
2026-07-15T05:11:02,84.625,15.375,NO
2026-07-15T05:12:02,84.875,15.125,NO
2026-07-15T05:13:02,85.0,15.0,NO
2026-07-15T05:14:02,85.375,14.625,NO
2026-07-15T05:15:02,85.5,14.5,NO
2026-07-15T05:16:02,86.0,14.0,NO
2026-07-15T05:17:02,86.75,13.25,NO
2026-07-15T05:18:02,86.125,13.875,NO
2026-07-15T05:19:02,85.25,14.75,NO
2026-07-15T05:20:02,85.75,14.25,NO
2026-07-15T05:21:02,85.5,14.5,NO
2026-07-15T05:22:02,85.25,14.75,NO
2026-07-15T05:23:02,85.375,14.625,NO
2026-07-15T05:24:02,84.625,15.375,NO
2026-07-15T05:25:02,84.875,15.125,NO
2026-07-15T05:26:03,87.875,12.125,NO
2026-07-15T05:27:03,86.875,13.125,NO
2026-07-15T05:28:03,86.625,13.375,NO
2026-07-15T05:29:03,79.75,20.25,NO
2026-07-15T05:30:03,86.375,13.625,NO
2026-07-15T05:31:03,77.25,22.75,NO
2026-07-15T05:32:03,86.75,13.25,NO
2026-07-15T05:33:03,90.625,9.375,NO
2026-07-15T05:34:03,78.625,21.375,NO
2026-07-15T05:35:03,86.5,13.5,NO
2026-07-15T05:36:03,78.125,21.875,NO
2026-07-15T05:37:03,86.5,13.5,NO
2026-07-15T05:38:03,85.875,14.125,NO
2026-07-15T05:39:03,80.625,19.375,NO
2026-07-15T05:40:03,86.875,13.125,NO
2026-07-15T05:41:03,77.5,22.5,NO
2026-07-15T05:42:03,86.875,13.125,NO
2026-07-15T05:43:03,86.25,13.75,NO
2026-07-15T05:44:03,78.625,21.375,NO
2026-07-15T05:45:03,86.625,13.375,NO
2026-07-15T05:46:03,76.75,23.25,NO
2026-07-15T05:47:03,84.0,16.0,NO
2026-07-15T05:48:03,84.625,15.375,NO
2026-07-15T05:49:03,84.125,15.875,NO
2026-07-15T05:50:03,87.5,12.5,NO
2026-07-15T05:51:03,84.0,16.0,NO
2026-07-15T05:52:03,84.0,16.0,NO
2026-07-15T05:53:03,84.125,15.875,NO
2026-07-15T05:54:03,84.375,15.625,NO
2026-07-15T05:55:03,85.375,14.625,NO
2026-07-15T05:56:03,85.375,14.625,NO
2026-07-15T05:57:03,86.0,14.0,NO
2026-07-15T05:58:03,84.5,15.5,NO
2026-07-15T05:59:04,84.25,15.75,NO
2026-07-15T06:00:04,83.625,16.375,NO
2026-07-15T06:01:04,83.0,17.0,NO
2026-07-15T06:02:04,83.0,17.0,NO
2026-07-15T06:03:04,83.0,17.0,NO
2026-07-15T06:04:04,84.25,15.75,NO
2026-07-15T06:05:04,84.0,16.0,NO
2026-07-15T06:06:04,84.625,15.375,NO
2026-07-15T06:07:04,85.0,15.0,NO
2026-07-15T06:08:04,85.5,14.5,NO
2026-07-15T06:09:04,86.125,13.875,NO
2026-07-15T06:10:04,86.375,13.625,NO
2026-07-15T06:11:04,85.375,14.625,NO
2026-07-15T06:12:04,84.375,15.625,NO
2026-07-15T06:13:04,84.25,15.75,NO
2026-07-15T06:14:04,84.0,16.0,NO
2026-07-15T06:15:04,83.0,17.0,NO
2026-07-15T06:16:04,83.125,16.875,NO
2026-07-15T06:17:04,83.875,16.125,NO
2026-07-15T06:18:04,84.5,15.5,NO
2026-07-15T06:19:04,83.875,16.125,NO
2026-07-15T06:20:04,84.375,15.625,NO
2026-07-15T06:21:04,85.5,14.5,NO
2026-07-15T06:22:04,85.75,14.25,NO
2026-07-15T06:23:04,83.375,16.625,NO
2026-07-15T06:24:04,83.0,17.0,NO
2026-07-15T06:25:04,82.75,17.25,NO
2026-07-15T06:26:04,83.5,16.5,NO
2026-07-15T06:27:04,83.875,16.125,NO
2026-07-15T06:28:04,87.375,12.625,NO
2026-07-15T06:29:04,86.75,13.25,NO
2026-07-15T06:30:04,86.5,13.5,NO
2026-07-15T06:31:04,78.375,21.625,NO
2026-07-15T06:32:04,87.625,12.375,NO
2026-07-15T06:33:05,77.0,23.0,NO
2026-07-15T06:34:05,86.625,13.375,NO
2026-07-15T06:35:05,87.75,12.25,NO
2026-07-15T06:36:05,77.75,22.25,NO
2026-07-15T06:37:05,87.125,12.875,NO
2026-07-15T06:38:05,77.625,22.375,NO
2026-07-15T06:39:05,87.0,13.0,NO
2026-07-15T06:40:05,83.25,16.75,NO
2026-07-15T06:41:05,80.5,19.5,NO
2026-07-15T06:42:05,86.625,13.375,NO
2026-07-15T06:43:05,86.125,13.875,NO
2026-07-15T06:44:05,79.875,20.125,NO
2026-07-15T06:45:05,86.5,13.5,NO
2026-07-15T06:46:05,77.375,22.625,NO
2026-07-15T06:47:05,86.875,13.125,NO
2026-07-15T06:48:05,86.5,13.5,NO
2026-07-15T06:49:05,83.5,16.5,NO
2026-07-15T06:50:05,82.375,17.625,NO
